source,subreddit,frequency,total_score,rank
rajacreator,news,68724,68724,1
tellygupshup,news,31600,31596,2
popularnews,news,30489,30488,3
news,news,26432,3752334,4
youtube,news,24798,24722,5
newsnationglobal,news,17184,17183,6
roknonline,news,15960,15960,7
cnn,news,13803,21969606,8
cde,news,13240,13276,9
newspotng,news,12812,12811,10
apnews,news,10870,17623972,11
youtu,news,10686,10672,12
timesofindia,news,9784,9788,13
reuters,news,9508,12002004,14
laquilablog,news,9118,9118,15
bbc,news,8984,6051611,16
otakupages,news,8600,8600,17
msdrnews,news,8366,8365,18
nbcnews,news,8055,18513337,19
theguardian,news,7783,11855783,20
gossipmantri,news,6995,6995,21
nytimes,news,6314,3164318,22
globalfinancialdigest,news,6283,6284,23
indiatalks,news,6046,6046,24
kaiserin-magazine,news,5878,5878,25
upahang,news,5803,5802,26
abcnews,news,5304,9320267,27
gistmania,news,5270,5270,28
omniblog,news,5152,5152,29
en,news,5024,56607,30
malangtimes,news,4948,4948,31
pm30music,news,4546,4546,32
cnbc,news,4539,13032172,33
khabarinshorts,news,4460,4459,34
tamilrockers-review,news,4387,4382,35
corealpha,news,4353,4353,36
persianfa1,news,3948,3942,37
washingtonpost,news,3917,2683307,38
isxs,news,3848,3848,39
onlynews,news,3797,3797,40
exportain,news,3796,3796,41
instaforex,news,3777,3777,42
cbsnews,news,3748,12349286,43
premierupdate,news,3510,3510,44
ZEYNAZERDA,news,3480,3480,45
moroccolatestnews,news,3449,4024,46
npr,news,3395,1099138,47
nerd_for_crypto,news,3336,3336,48
ghlatest,news,3107,3107,49
ekhabri,news,2964,2964,50
ana-org,news,2929,2929,51
hhusa,news,2823,2822,52
nypost,news,2757,2846,53
edition,news,2749,2991916,54
brasilnews,news,2721,2721,55
thehill,news,2654,2928,56
pasmusic,news,2565,2565,57
independent,news,2451,1691601,58
dstarnews,news,2436,2436,59
daylinews,news,2410,2409,60
newmiphone,news,2395,2395,61
newzeee,news,2372,2372,62
msn,news,2357,8041,63
evanino,news,2233,2233,64
aljazeera,news,2218,1342472,65
businessinsider,news,2218,117054,66
foxnews,news,2140,2122,67
usatoday,news,1945,108914,68
wsj,news,1914,334401,69
northkoreafirst,news,1855,1856,70
jjambproductions,news,1806,1806,71
prachalit,news,1797,1797,72
newsweek,news,1735,16878,73
magdy67,news,1730,1705,74
scoopyreviews,news,1706,1706,75
dailymail,news,1704,1926,76
yahoo,news,1699,1731,77
cashousenow,news,1677,1677,78
grooming,news,1648,1648,79
pavilionhealthshop,news,1593,1593,80
apple,news,1525,1603,81
bloomberg,news,1516,124352,82
cbc,news,1495,1634156,83
politico,news,1367,2721,84
gourabdesign,news,1334,1334,85
rokambola,news,1302,1302,86
primepost,news,1289,1289,87
m,news,1172,281162,88
newtimesofindia,news,1170,1170,89
zeenewslive,news,1147,1147,90
axios,news,1115,620421,91
thedailybeast,news,1094,1223,92
getapklive,news,1051,1051,93
ifttt,news,1037,1037,94
mycitinews,news,1028,1028,95
forbes,news,1024,21345,96
legitinfo,news,999,998,97
wikirise,news,978,977,98
keomusic1,news,975,975,99
oneday-deals,news,952,949,100
Reuters,newsbotbot,319430,326981,1
AP,newsbotbot,63863,67048,2
BBCWorld,newsbotbot,33872,34721,3
BBCNews,newsbotbot,15717,16134,4
bluzz,worldnews,57339,57337,1
reuters,worldnews,30239,22228485,2
bbc,worldnews,20050,9322004,3
theguardian,worldnews,16865,13074555,4
youtube,worldnews,13782,13750,5
apnews,worldnews,9537,5923777,6
youtu,worldnews,8217,8194,7
news,worldnews,8096,10240638,8
aljazeera,worldnews,7379,3041651,9
cnn,worldnews,6732,4600360,10
infiniumglobalresearch,worldnews,6506,6505,11
theworldnews,worldnews,5515,7288,12
stepe,worldnews,5107,5107,13
edition,worldnews,4821,3881868,14
businessinsider,worldnews,4554,15379993,15
france24,worldnews,4406,3787861,16
nytimes,worldnews,4396,1969503,17
dw,worldnews,3703,2894963,18
timesofisrael,worldnews,3554,2385238,19
newsweek,worldnews,3512,7927665,20
english,worldnews,3083,2852724,21
msn,worldnews,3072,3529437,22
for-hashtagsusa,worldnews,3066,3066,23
independent,worldnews,2931,2446042,24
bloomberg,worldnews,2908,2405663,25
jpost,worldnews,2890,3292048,26
cnbc,worldnews,2852,3006158,27
nbcnews,worldnews,2852,1632841,28
cbc,worldnews,2785,2196522,29
washingtonpost,worldnews,2720,2154062,30
radarhitnews,worldnews,2625,2625,31
news4gh,worldnews,2594,2594,32
abcnews,worldnews,2569,1254373,33
euronews,worldnews,2523,2457420,34
globalfinancialdigest,worldnews,2481,2481,35
pravda,worldnews,2457,6852223,36
m,worldnews,2406,1225548,37
abc,worldnews,2405,2352796,38
dailymail,worldnews,2266,3292477,39
scmp,worldnews,2204,1351313,40
ndtv,worldnews,2013,1457575,41
rebitcash,worldnews,1981,1981,42
politico,worldnews,1919,1878128,43
thehill,worldnews,1843,2489054,44
cbsnews,worldnews,1766,2595657,45
npr,worldnews,1750,1568434,46
qudach,worldnews,1678,1678,47
hot-innews,worldnews,1639,1639,48
yahoo,worldnews,1623,2557162,49
ctvnews,worldnews,1510,1108358,50
solifeland,worldnews,1460,1460,51
techz60,worldnews,1440,1440,52
dstarnews,worldnews,1440,1440,53
awjouh,worldnews,1435,1435,54
wsj,worldnews,1396,4167,55
rferl,worldnews,1337,1000010,56
newslikenews,worldnews,1336,1336,57
spectatorindex,worldnews,1282,1370,58
hindustantimes,worldnews,1279,745501,59
en,worldnews,1226,799589,60
newseedaily,worldnews,1195,1195,61
ukrinform,worldnews,1185,2444889,62
indexlink93447958,worldnews,1159,1159,63
themoscowtimes,worldnews,1133,1545074,64
timesofindia,worldnews,1115,229859,65
foxnews,worldnews,1077,799289,66
nypost,worldnews,1075,731471,67
zicutake,worldnews,1072,1069,68
telegraph,worldnews,1046,1145518,69
globalnews,worldnews,1040,1055241,70
ghlatest,worldnews,1010,1010,71
usnews,worldnews,947,859042,72
ft,worldnews,928,452289,73
voanews,worldnews,906,434428,74
ibtimes,worldnews,886,1049381,75
forbes,worldnews,884,1294620,76
vice,worldnews,882,1519390,77
axios,worldnews,837,1218690,78
haaretz,worldnews,822,438738,79
marketwatch,worldnews,820,423840,80
ca,worldnews,808,504017,81
rt,worldnews,793,401057,82
channelnewsasia,worldnews,780,526085,83
mtnmusicgh,worldnews,776,776,84
jare,worldnews,771,771,85
fertune,worldnews,740,742,86
indianexpress,worldnews,726,323814,87
indiatoday,worldnews,701,331446,88
jaridatakhbarak,worldnews,697,697,89
nationalpost,worldnews,689,823060,90
thehindu,worldnews,685,324479,91
thedailybeast,worldnews,676,1432474,92
japantimes,worldnews,643,591321,93
mirror,worldnews,613,1489115,94
chiangraitimes,worldnews,613,680,95
finance,worldnews,606,448942,96
straitstimes,worldnews,605,410379,97
usatoday,worldnews,580,448864,98
thewoke,worldnews,577,577,99
swissinfo,worldnews,569,377495,100
